{
  "schedule": [
    [
      "J106_R",
      "J106_L",
      "J95_R",
      "J95_L"
    ],
    [
      "J84_L",
      "J86_R",
      "J76_L",
      "J74_R"
    ],
    [
      "J66_L",
      "J65_L",
      "J53_R",
      "J55_R"
    ],
    [
      "J43_L",
      "J45_L",
      "J33_R",
      "J36_R"
    ],
    [
      "J24_L",
      "J26_R",
      "J105_L",
      "J105_R"
    ],
    [
      "J14_R",
      "J16_R",
      "J96_R",
      "J96_L"
    ],
    [
      "J86_L",
      "J85_R",
      "J73_R",
      "J75_R"
    ],
    [
      "J64_L",
      "J65_R",
      "J53_L",
      "J55_L"
    ],
    [
      "J43_R",
      "J45_R",
      "J32_R",
      "J35_R"
    ],
    [
      "J23_L",
      "J25_R",
      "J104_L",
      "J104_R"
    ],
    [
      "J15_L",
      "J12_R",
      "J94_L",
      "J94_R"
    ],
    [
      "J85_L",
      "J84_R",
      "J74_L",
      "J76_R"
    ],
    [
      "J66_R",
      "J64_R",
      "J56_L",
      "J54_R"
    ],
    [
      "J44_L",
      "J46_R",
      "J34_L",
      "J36_L"
    ],
    [
      "J22_R",
      "J24_R",
      "J103_L",
      "J103_R"
    ],
    [
      "J15_R",
      "J13_R",
      "J93_L",
      "J93_R"
    ],
    [
      "J83_L",
      "J83_R",
      "J73_L",
      "J75_L"
    ],
    [
      "J63_L",
      "J63_R",
      "J54_L",
      "J56_R"
    ],
    [
      "J46_L",
      "J44_R",
      "J33_L",
      "J35_L"
    ],
    [
      "J26_L",
      "J23_R",
      "J102_L",
      "J102_R"
    ],
    [
      "J13_L",
      "J16_L",
      "J92_L",
      "J92_R"
    ],
    [
      "J82_L",
      "J82_R",
      "J72_L",
      "J72_R"
    ],
    [
      "J62_L",
      "J62_R",
      "J52_L",
      "J52_R"
    ],
    [
      "J42_L",
      "J42_R",
      "J32_L",
      "J34_R"
    ],
    [
      "J22_L",
      "J25_L",
      "J101_L",
      "J101_R"
    ],
    [
      "J12_L",
      "J14_L",
      "J91_L",
      "J91_R"
    ],
    [
      "J81_L",
      "J81_R",
      "J71_L",
      "J71_R"
    ],
    [
      "J61_L",
      "J61_R",
      "J51_L",
      "J51_R"
    ],
    [
      "J41_L",
      "J41_R",
      "J31_L",
      "J31_R"
    ],
    [
      "J21_L",
      "J21_R",
      "J11_L",
      "J11_R"
    ]
  ],
  "metrics": {
    "feasible": 1.0,
    "min_pressure": 24.164896411121475,
    "mean_surplus": 13.790541304937856,
    "var_surplus": 0.6051802310661387,
    "cohesion_pen": 0.3333333333333334,
    "J_raw": 29.729956636407458,
    "J_norm": 3.58525412093233
  }
}